_id,Product Name,Product Quantity,UOM,MRP,Price,Product Description,SKU Code,Manufacturer,Country Of Origin,Customer Care Contact,Time to Ship,Returnable (Y/N),Cancellable (Y/N),COD available (Y/N),Images,Net Quantity,Brand,Pack Quantity,Pack Size,Images / Video,UPC/EAN,FSSAI no,Preservatives (Y/N),Preservatives (details),Flavours & Spices,Ready to cook (Y/N),Ready to eat (Y/N),Rice grain type,Recommended Age,Scented/ Flavour,Herbal/ Ayurvedic,Theme/ Occasion Type,Hair Type,Mineral Source,Caffeine Content,Capacity,Ingredients,Other details,Marketed By,Images.3,Images.4,Images.5,Images.6,Baby Weight,Absorption Duration (in Hrs),Composition,Nutritional Facts,Benefits,Storage,Images.7,Images.8,Usage,Features,Images.9,Images.10,Storage And Uses,L0 Domain,L1 Sub-Domain,L2 Category,L3 Sub-Category,L4 Product Enum-Code
64046f79a6a5bc77b92e3d4d,"Bisleri Mineral Water, 10 L Can",10 L Can,L,110,110,Bisleri contains ozonated water and minerals such as magnesium and potassium. The elements present in it are crucial for the normal functioning of the human body. It has eco-friendly packaging with recyclable plastic. It is good for you as well as the environment. The 10 litre can is big enough to quench the thirst of smaller groups and family on any occasion.,-,"Bisleri International Pvt. Ltd. # No 29/33, Udayagiri Village Devanahalli Taluk Bangalore 562110 ;CDV :7503",India,-,-,-,-,-,https://datalabs.siva3.io/image/Eunimart_groceries_40211241_1-bisleri-mineral-water.jpg,10 L Can,Bisleri,1,1,https://datalabs.siva3.io/image/Eunimart_groceries_40211241-2_1-bisleri-mineral-water.jpg,['40211241'],['10012043000052'],-,-,-,-,-,-,-,-,-,-,-,-,-,-,Ozonated Water With Minerals,"[{'EAN Code': '40211241'}, {'FSSAI No': '10012043000052'}, {'Manufactured & Marketed by': 'Bisleri International Pvt. Ltd. # No 29/33, Udayagiri Village Devanahalli Taluk Bangalore 562110 ;CDV :7503'}, {'Country of origin': 'India'}]","Bisleri International Pvt. Ltd. # No 29/33, Udayagiri Village Devanahalli Taluk Bangalore 562110 ;CDV :7503",https://datalabs.siva3.io/image/Eunimart_groceries_40211241-3_1-bisleri-mineral-water.jpg,https://datalabs.siva3.io/image/Eunimart_groceries_40211241-4_1-bisleri-mineral-water.jpg,https://datalabs.siva3.io/image/Eunimart_groceries_40211241-5_1-bisleri-mineral-water.jpg,https://datalabs.siva3.io/image/Eunimart_groceries_40211241-6_1-bisleri-mineral-water.jpg,-,-,-,-,-,-,-,-,-,-,-,-,-,RET,RET-10,RET-10-13,RET-10-13-10,RET-10-13-10-11
64046f8fa6a5bc77b92e3d4f,"Bisleri Mineral-Water, 250 ml Pack of 24",250 ml Pack of 24,ml,144,144,"Bisleri Mineral Water is definitely one of the healthiest kinds of bottled water and drinking it can enhance your well-being. This water is rich in minerals such as magnesium, calcium and iron. It is free of preservatives or any type of added chemicals. Those who are planning to lose weight should switch to mineral water.",-,"BISLERI INTERNATIONAL PVT LTD, 29/33, UDAYAGIRI VILLAGE, DEVANAHALLI, BANGALORE-562110",India,-,-,-,-,-,https://datalabs.siva3.io/image/Eunimart_groceries_412087_1-bisleri-mineral-water.jpg,250 ml Pack of 24,Bisleri,24,1,https://datalabs.siva3.io/image/Eunimart_groceries_412087-2_1-bisleri-mineral-water.jpg,['8906017290023'],['10013022001539'],-,-,-,-,-,-,-,-,-,-,-,-,-,-,-,"[{'EAN Code': '8906017290023'}, {'Country of origin': 'India'}, {'Manufacturer Name & Address': 'BISLERI INTERNATIONAL PVT LTD, 29/33, UDAYAGIRI VILLAGE, DEVANAHALLI, BANGALORE-562110'}]",-,https://datalabs.siva3.io/image/Eunimart_groceries_412087-3_1-bisleri-mineral-water.jpg,https://datalabs.siva3.io/image/Eunimart_groceries_412087-4_1-bisleri-mineral-water.jpg,https://datalabs.siva3.io/image/Eunimart_groceries_412087-5_1-bisleri-mineral-water.jpg,-,-,-,"Ozonated water, Minerals (Magnesium Sulphate, Potassium Bicarbonate)","Typical value per 100 ml of product.
Potassium (mg) - 0.1
Magnesium (mg) - 0.2","It is said that after menopause women suffer from bone loss, but this can be reduced if mineral water is taken regularly; the calcium present in the water helps to maintain normal bone density. One of the active Composition magnesium is known to lower blood pressure level; people suffering from hypertension will notice a decrease in blood pressure over a period of time. Mineral water is known to be quite effective for a healthy beauty regime. You can use it for cleansing, moisturizing or toning the skin of the face to add a healthy glow. If you are using a face pack, a few drops of mineral water in it can have some amazing benefits.",-,-,-,-,-,-,-,-,RET,RET-10,RET-10-13,RET-10-13-10,RET-10-13-10-11
64046fa9a6a5bc77b92e3d51,"Aquafina Packaged Drinking Water, 2 L",2 L,L,35,35,"Aquafine Bottled Water is filtered to provide you with incredible quality of 100% pure drinking water. It is your perfect companion for happy bodies everywhere. Aquafina goes through a five-step state-of-the-art purification process to give consumers pure water and perfect taste. It has become one of Indias leading brands of bottled water in a relatively short span of time. Every bottle of Aquafina Packaged Drinking Water consists of drinking water that has been sourced from the most unadulterated sources like mountains and hills, where there are numerous fresh-water springs with water this is rich with the rock-infused minerals and nutrients. The water is safe for drinking and cooking purposes.",-,"Varun Beverages Limitied, Plot No. 31, Institutional Area, Sector - 44, Gurgaon - 122002, Haryana, India",India,-,-,-,-,-,https://datalabs.siva3.io/image/Eunimart_groceries_4006_5-aquafina-packaged-drinking-water.jpg,2 L,Aquafina,1,1,https://datalabs.siva3.io/image/Eunimart_groceries_4006-2_2-aquafina-packaged-drinking-water.jpg,['100184046'],['10012022000235'],-,-,-,-,-,-,-,-,-,-,-,-,-,-,-,"[{'EAN Code': '100184046'}, {'Country Of Origin': 'India'}, {'Manufacturer Name & Address': 'Varun Beverages Limitied, Plot No. 31, Institutional Area, Sector - 44, Gurgaon - 122002, Haryana, India'}, {'Marketed By': 'PepsiCo India Holdings Pvt Ltd., 3B, DLF Corporate Park, S block, Qutab enclave, DLF Phase III, Gurgaon 122 002 Haryana.'}]","PepsiCo India Holdings Pvt Ltd., 3B, DLF Corporate Park, S block, Qutab enclave, DLF Phase III, Gurgaon 122 002 Haryana.",https://datalabs.siva3.io/image/Eunimart_groceries_4006-3_2-aquafina-packaged-drinking-water.jpg,https://datalabs.siva3.io/image/Eunimart_groceries_4006-4_2-aquafina-packaged-drinking-water.jpg,https://datalabs.siva3.io/image/Eunimart_groceries_4006-5_2-aquafina-packaged-drinking-water.jpg,https://datalabs.siva3.io/image/Eunimart_groceries_4006-6_1-aquafina-packaged-drinking-water.jpg,-,-,"Treated Water, salts of calcium & magnesium.","Typical value per 100 ml of product.
Energy (kcal) - 0
Protein (g) - 0
Carbohydrates (g) - 0
Sugar (g) - 0
Added Sugar (g) - 0
Sodium (mg) - 1
Calcium (mg) - 2
Magnesium (mg) - 1",-,Store in a cool & dry place away from direct sunlight.,https://datalabs.siva3.io/image/Eunimart_groceries_4006-7_1-aquafina-packaged-drinking-water.jpg,https://datalabs.siva3.io/image/Eunimart_groceries_4006-8_1-aquafina-packaged-drinking-water.jpg,-,-,-,-,-,RET,RET-10,RET-10-13,RET-10-13-10,RET-10-13-10-11
64046fb9a6a5bc77b92e3d52,"Aquafina Packaged Drinking Water, 500 ml",500 ml,ml,10,10,"Aquafine Bottled Water is filtered to provide you with incredible quality of 100% pure drinking water. It is your perfect companion for happy bodies everywhere. Aquafina goes through a five-step state-of-the-art purification process to give consumers pure water and perfect taste. It has become one of Indias leading brands of bottled water in a relatively short span of time. Every bottle of Aquafina Packaged Drinking Water consists of drinking water that has been sourced from the most unadulterated sources like mountains and hills, where there are numerous fresh-water springs with water this is rich with the rock-infused minerals and nutrients. The water is safe for drinking and cooking purposes.",-,"Varun Beverages Limitied, Plot No. 31, Institutional Area, Sector - 44, Gurgaon - 122002, Haryana, India",India,-,-,-,-,-,https://datalabs.siva3.io/image/Eunimart_groceries_21123_6-aquafina-packaged-drinking-water.jpg,500 ml,Aquafina,1,1,https://datalabs.siva3.io/image/Eunimart_groceries_21123-2_3-aquafina-packaged-drinking-water.jpg,['88902080504046'],['10012022000235'],-,-,-,-,-,-,-,-,-,-,-,-,-,-,-,"[{'EAN Code': '88902080504046'}, {'Country Of Origin': 'India'}, {'Manufacturer Name & Address': 'Varun Beverages Limitied, Plot No. 31, Institutional Area, Sector - 44, Gurgaon - 122002, Haryana, India'}, {'Marketed By': 'PepsiCo India Holdings Pvt Ltd., 3B, DLF Corporate Park, S block, Qutab enclave, DLF Phase III, Gurgaon 122 002 Haryana.'}]","PepsiCo India Holdings Pvt Ltd., 3B, DLF Corporate Park, S block, Qutab enclave, DLF Phase III, Gurgaon 122 002 Haryana.",https://datalabs.siva3.io/image/Eunimart_groceries_21123-3_2-aquafina-packaged-drinking-water.jpg,https://datalabs.siva3.io/image/Eunimart_groceries_21123-4_2-aquafina-packaged-drinking-water.jpg,https://datalabs.siva3.io/image/Eunimart_groceries_21123-5_1-aquafina-packaged-drinking-water.jpg,https://datalabs.siva3.io/image/Eunimart_groceries_21123-6_1-aquafina-packaged-drinking-water.jpg,-,-,"Treated Water, salts of calcium & magnesium.","Typical value per 100 ml of product.
Energy (kcal) - 0
Protein (g) - 0
Carbohydrates (g) - 0
Sugar (g) - 0
Added Sugar (g) - 0
Sodium (mg) - 1
Calcium (mg) - 2
Magnesium (mg) - 1",-,-,-,-,"This water is best used when on the go. While you are travelling, you can easily carry this slim bottle to ensure that you do not risk having water from dubious sources. Also, this water can be used for cooking purposes.",-,-,-,-,RET,RET-10,RET-10-13,RET-10-13-10,RET-10-13-10-11
64046fc8a6a5bc77b92e3d53,"Aquafina Packaged Drinking Water, 1 L Bottle",1 L Bottle,L,20,20,"Perfect companion for happy bodies everywhere. Aquafina goes through a five step state-of-the-art purification process to give consumers pure water and perfect taste. It has become one of Indias leading brands of bottled water in a relatively short span of time. Quench your thirst with this bottled water. Water like food, sustains life and the promise of bisleri is all you need.",-,"Varun Beverages Limitied, Plot No. 31, Institutional Area, Sector - 44, Gurgaon - 122002, Haryana, India",India,-,-,-,-,-,https://datalabs.siva3.io/image/Eunimart_groceries_265894_7-aquafina-packaged-drinking-water.jpg,1 L Bottle,Aquafina,1,1,https://datalabs.siva3.io/image/Eunimart_groceries_265894-2_1-aquafina-packaged-drinking-water.jpg,['8902080504060'],['10012022000235'],-,-,-,-,-,-,-,-,-,-,-,-,-,-,-,"[{'EAN Code': '8902080504060'}, {'Country Of Origin': 'India'}, {'Manufacturer Name & Address': 'Varun Beverages Limitied, Plot No. 31, Institutional Area, Sector - 44, Gurgaon - 122002, Haryana, India'}, {'Marketed By': 'PepsiCo India Holdings Pvt Ltd., 3B, DLF Corporate Park, S block, Qutab enclave, DLF Phase III, Gurgaon 122 002 Haryana.'}]","PepsiCo India Holdings Pvt Ltd., 3B, DLF Corporate Park, S block, Qutab enclave, DLF Phase III, Gurgaon 122 002 Haryana.",https://datalabs.siva3.io/image/Eunimart_groceries_265894-3_1-aquafina-packaged-drinking-water.jpg,https://datalabs.siva3.io/image/Eunimart_groceries_265894-4_1-aquafina-packaged-drinking-water.jpg,https://datalabs.siva3.io/image/Eunimart_groceries_265894-5_1-aquafina-packaged-drinking-water.jpg,https://datalabs.siva3.io/image/Eunimart_groceries_265894-6_1-aquafina-packaged-drinking-water.jpg,-,-,"Treated Water, salts of calcium & magnesium.","Typical value per 100 ml of product.
Energy (kcal) - 0
Protein (g) - 0
Carbohydrates (g) - 0
Sugar (g) - 0
Added Sugar (g) - 0
Sodium (mg) - 1
Calcium (mg) - 2
Magnesium (mg) - 1",-,-,https://datalabs.siva3.io/image/Eunimart_groceries_265894-7_1-aquafina-packaged-drinking-water.jpg,-,-,-,-,-,-,RET,RET-10,RET-10-13,RET-10-13-10,RET-10-13-10-11
64046fd7a6a5bc77b92e3d54,"Kinley Drinking Water With Added Minerals, 1 L PET Bottle",1 L PET Bottle,L,20,20,"When it comes to safety and assurance of quality, Kinley water bottle is the go-to choice. Promising the assurance of clean and safe drinking water, Kinley mineral water has been a trusted choice for Indians since 2000. This Coca-Cola product goes through an intensive 10 Step filtration method before reaching you. The consistency and purity of Kinleys distilled water are maintained using processes including disinfection, micron filtration, reverse osmosis, and mineral dozing beside other rigorous filtration procedures. Also containing added minerals, Kinley can be always trusted on.",-,"HINDUSTAN COCA-COLA BEVERAGES PVT. LTD. , SURVEY NO. 284-P, POST KUDUS, TALUKA WADA, DISTRICT PALGHAR- 421 312, MAHARASHTRA",India,-,-,-,-,-,https://datalabs.siva3.io/image/Eunimart_groceries_265686_9-kinley-drinking-water-with-added-minerals.jpg,1 L PET Bottle,Kinley,1,1,https://datalabs.siva3.io/image/Eunimart_groceries_265686-2_5-kinley-drinking-water-with-added-minerals.jpg,['8901764082405'],-,-,-,-,-,-,-,-,-,-,-,-,-,-,-,-,"[{'EAN Code': '8901764082405'}, {'Country Of Origin': 'India'}, {'Manufactured by': 'HINDUSTAN COCA-COLA BEVERAGES PVT. LTD. , SURVEY NO. 284-P, POST KUDUS, TALUKA WADA, DISTRICT PALGHAR- 421 312, MAHARASHTRA'}]",-,https://datalabs.siva3.io/image/Eunimart_groceries_265686-3_5-kinley-drinking-water-with-added-minerals.jpg,https://datalabs.siva3.io/image/Eunimart_groceries_265686-4_4-kinley-drinking-water-with-added-minerals.jpg,https://datalabs.siva3.io/image/Eunimart_groceries_265686-5_3-kinley-drinking-water-with-added-minerals.jpg,https://datalabs.siva3.io/image/Eunimart_groceries_265686-6_2-kinley-drinking-water-with-added-minerals.jpg,-,-,-,"Typical value per serving i.e. 1 can
Energy (kcal) - 0
Protein (g) - 0
Carbohydrates (g) - 0
Sugar (g) - 0
Fat (g) - 0
Sodium (mg) - 0.3
Magnesiun (mg) - 0.1",-,Store in a cool & dry place away from direct sunlight.,-,-,-,-,-,-,-,RET,RET-10,RET-10-13,RET-10-13-10,RET-10-13-10-11
64046ff0a6a5bc77b92e3d57,"Bisleri Mineral Water, 500 ml Bottle",500 ml Bottle,ml,10,10,"Water is a vital, life-giving substance that nourishes and rejuvenates us with its sparkling goodness. It is important for water to come from a source that can be trusted and is pure so that our health does not suffer. Bisleri is a name that is synonymous with quality and purity. This brand extracts water from the best sources. The water in a Bisleri Mineral Water is typically sourced from the best Himalayan Mountain sources before being purified and packaged for drinking purposes. The water contains traces of calcium, magnesium, pH factor and even TDS and chlorides. It is packaged using the best quality control procedures and follows a thorough inspection process before being sent out into the market.",-,"BISLERI INTERNATIONAL PVT LTD, 29/33, UDAYAGIRI VILLAGE, DEVANAHALLI, BANGALORE-562110",India,-,-,-,-,-,https://datalabs.siva3.io/image/Eunimart_groceries_265876_1-bisleri-mineral-water.jpg,500 ml Bottle,Bisleri,1,1,https://datalabs.siva3.io/image/Eunimart_groceries_265876-2_1-bisleri-mineral-water.jpg,['8906017290033'],['10013022001539'],-,-,-,-,-,-,-,-,-,-,-,-,-,-,-,"[{'EAN Code': '8906017290033'}, {'Country Of Origin': 'India'}, {'Manufacturer Name & Address': 'BISLERI INTERNATIONAL PVT LTD, 29/33, UDAYAGIRI VILLAGE, DEVANAHALLI, BANGALORE-562110'}]",-,https://datalabs.siva3.io/image/Eunimart_groceries_265876-3_1-bisleri-mineral-water.jpg,-,-,-,-,-,"Ozonated water, Minerals (Magnesium Sulphate, Potassium Bicarbonate)","Typical value per 100 ml of product.
Potassium (mg) - 0.1
Magnesium (mg) - 0.2",-,-,-,-,Bisleri Mineral water is the best way to carry drinking water that is safe and healthy. This is especially helpful when you are on the go and not sure about the water being served to you.,-,-,-,-,RET,RET-10,RET-10-13,RET-10-13-10,RET-10-13-10-11
64047005a6a5bc77b92e3d59,"Bisleri Mineral Water, 1 L Pack of 12",1 L Pack of 12,L,240,240,"Water from the purest sources is something that we all need. This is especially true when we are travelling. Bisleri understands your drinking water needs like none other. It has ensured that it caters to a wide network of places and people who can enjoy its pure and pristine product in various bottle sizes. Bisleri is one of the most popular brands for bottled water. Bisleri follows a six-step stringent purification process which means that the water from Bisleri is pure and absolutely good for your health. Even the bottles where the water is stored are made in Bisleri plants as well to avoid contamination. A bottle of Bisleri water contains calcium, chlorides, magnesium and TDS; all of which are absolutely essential for healthy well-being. Quench your thirst with this bottled water and it will go down real smooth. Water like food, sustains life and the promise of bisleri is all you need.",-,"BISLERI INTERNATIONAL PVT LTD, 29/33, UDAYAGIRI VILLAGE, DEVANAHALLI, BANGALORE-562110",India,-,-,-,-,-,https://datalabs.siva3.io/image/Eunimart_groceries_97351_4-bisleri-mineral-water.jpg,1 L Pack of 12,Bisleri,12,1,https://datalabs.siva3.io/image/Eunimart_groceries_97351-2_1-bisleri-mineral-water.jpg,['8906017290047'],['10013022001539'],-,-,-,-,-,-,-,-,-,-,-,-,-,-,-,"[{'EAN Code': '8906017290047'}, {'Country Of Origin': 'India'}, {'Manufacturer Name & Address': 'BISLERI INTERNATIONAL PVT LTD, 29/33, UDAYAGIRI VILLAGE, DEVANAHALLI, BANGALORE-562110'}]",-,https://datalabs.siva3.io/image/Eunimart_groceries_97351-3_1-bisleri-mineral-water.jpg,https://datalabs.siva3.io/image/Eunimart_groceries_97351-4_1-bisleri-mineral-water.jpg,https://datalabs.siva3.io/image/Eunimart_groceries_97351-5_1-bisleri-mineral-water.jpg,-,-,-,"Ozonated water, Minerals (Magnesium Sulphate, Potassium Bicarbonate)","Typical value per 100 ml of product.
Potassium (mg) - 0.1
Magnesium (mg) - 0.2",-,-,-,-,"Apart from the health benefits, this product can also quench your thirst when you are on the go and are not sure about the drinking water that can be found locally. It can also be used at home and for cooking.",-,-,-,-,RET,RET-10,RET-10-13,RET-10-13-10,RET-10-13-10-11
6404701aa6a5bc77b92e3d5b,"Kinley Mineral Water, 1 L Pack of 15",1 L Pack of 15,L,300,300,Kinley water understands the value and importance of this life giving force. They might claim to be secure but it is what you can trust. It is truly pure and safe. It comes with a guarantee of safety from The Coca-Cola Company. The Coca Cola Company with its global presence brings the promise of Kinley like no other. Every drop of Kinley is a drop of trust. Open a bottle of Kinley to a new world of possibilites.,-,"HINDUSTAN COCA-COLA BEVERAGES PVT. LTD., SURVEY NO. 284-P, POST KUDUS, TALUKA WADA, DISTRICT PALGHAR- 421 312, MAHARASHTRA",India,-,-,-,-,-,https://datalabs.siva3.io/image/Eunimart_groceries_204569_2-kinley-mineral-water.jpg,1 L Pack of 15,Kinley,15,1,https://datalabs.siva3.io/image/Eunimart_groceries_204569-2_4-kinley-mineral-water.jpg,['22045690'],-,-,-,-,-,-,-,-,-,-,-,-,-,-,-,-,"[{'EAN Code': '22045690'}, {'Country Of Origin': 'India'}, {'Manufactured by': 'HINDUSTAN COCA-COLA BEVERAGES PVT. LTD., SURVEY NO. 284-P, POST KUDUS, TALUKA WADA, DISTRICT PALGHAR- 421 312, MAHARASHTRA'}]",-,https://datalabs.siva3.io/image/Eunimart_groceries_204569-3_4-kinley-mineral-water.jpg,https://datalabs.siva3.io/image/Eunimart_groceries_204569-4_4-kinley-mineral-water.jpg,https://datalabs.siva3.io/image/Eunimart_groceries_204569-5_2-kinley-mineral-water.jpg,https://datalabs.siva3.io/image/Eunimart_groceries_204569-6_2-kinley-mineral-water.jpg,-,-,"Treated Water, Salts of Sodium and Magnesium.","Typical value per serving i.e. 1 can
Energy (kcal) - 0
Protein (g) - 0
Carbohydrates (g) - 0
Sugar (g) - 0
Fat (g) - 0
Sodium (mg) - 0.3
Magnesiun (mg) - 0.1",-,Store in a cool & dry place away from direct sunlight.,https://datalabs.siva3.io/image/Eunimart_groceries_204569-7_2-kinley-mineral-water.jpg,-,-,-,-,-,-,RET,RET-10,RET-10-13,RET-10-13-10,RET-10-13-10-11
6404702ba6a5bc77b92e3d5c,"Aquafina Packaged Drinking Water, 500 ml Pack of 24",500 ml Pack of 24,ml,240,240,"Aquafine Bottled Water is filtered to provide you with incredible quality of 100% pure drinking water. It is your perfect companion for happy bodies everywhere. Aquafina goes through a five-step state-of-the-art purification process to give consumers pure water and perfect taste. It has become one of Indias leading brands of bottled water in a relatively short span of time. Every bottle of Aquafina Packaged Drinking Water consists of drinking water that has been sourced from the most unadulterated sources like mountains and hills, where there are numerous fresh-water springs with water this is rich with the rock-infused minerals and nutrients. The water is safe for drinking and cooking purposes.",-,"Varun Beverages Limitied, Plot No. 31, Institutional Area, Sector - 44, Gurgaon - 122002, Haryana, India",India,-,-,-,-,-,https://datalabs.siva3.io/image/Eunimart_groceries_3235_2-aquafina-packaged-drinking-water.jpg,500 ml Pack of 24,Aquafina,24,1,https://datalabs.siva3.io/image/Eunimart_groceries_3235-2_2-aquafina-packaged-drinking-water.jpg,['890200504046'],['10012022000235'],-,-,-,-,-,-,-,-,-,-,-,-,-,-,-,"[{'EAN Code': '890200504046'}, {'Country Of Origin': 'India'}, {'Manufacturer Name & Address': 'Varun Beverages Limitied, Plot No. 31, Institutional Area, Sector - 44, Gurgaon - 122002, Haryana, India'}, {'Marketed By': 'PepsiCo India Holdings Pvt Ltd., 3B, DLF Corporate Park, S block, Qutab enclave, DLF Phase III, Gurgaon 122 002 Haryana.'}]","PepsiCo India Holdings Pvt Ltd., 3B, DLF Corporate Park, S block, Qutab enclave, DLF Phase III, Gurgaon 122 002 Haryana.",https://datalabs.siva3.io/image/Eunimart_groceries_3235-3_2-aquafina-packaged-drinking-water.jpg,https://datalabs.siva3.io/image/Eunimart_groceries_3235-4_1-aquafina-packaged-drinking-water.jpg,https://datalabs.siva3.io/image/Eunimart_groceries_3235-5_1-aquafina-packaged-drinking-water.jpg,https://datalabs.siva3.io/image/Eunimart_groceries_3235-6_1-aquafina-packaged-drinking-water.jpg,-,-,"Treated Water, salts of calcium & magnesium.","Typical value per 100 ml of product.
Energy (kcal) - 0
Protein (g) - 0
Carbohydrates (g) - 0
Sugar (g) - 0
Added Sugar (g) - 0
Sodium (mg) - 1
Calcium (mg) - 2
Magnesium (mg) - 1",-,Store in a cool & dry place away from direct sunlight.,-,-,-,-,-,-,-,RET,RET-10,RET-10-13,RET-10-13-10,RET-10-13-10-11
6404703ca6a5bc77b92e3d5d,"Bisleri Mineral Water, 1 L Bottle",1 L Bottle,L,20,20,"Bisleri Mineral Water has minerals and other dissolved substance is called mineral water. Minerals add therapeutic value to the water; the minerals generally added are magnesium sulphate, calcium, potassium bicarbonate and iron.",-,"BISLERI INTERNATIONAL PVT LTD, 29/33, UDAYAGIRI VILLAGE, DEVANAHALLI, BANGALORE-562110",India,-,-,-,-,-,https://datalabs.siva3.io/image/Eunimart_groceries_265875_6-bisleri-mineral-water.jpg,1 L Bottle,Bisleri,1,1,https://datalabs.siva3.io/image/Eunimart_groceries_265875-2_1-bisleri-mineral-water.jpg,['8906017290040'],['10013022001539'],-,-,-,-,-,-,-,-,-,-,-,-,-,-,-,"[{'EAN Code': '8906017290040'}, {'Country Of Origin': 'India'}, {'Manufacturer Name & Address': 'BISLERI INTERNATIONAL PVT LTD, 29/33, UDAYAGIRI VILLAGE, DEVANAHALLI, BANGALORE-562110'}]",-,https://datalabs.siva3.io/image/Eunimart_groceries_265875-3_1-bisleri-mineral-water.jpg,https://datalabs.siva3.io/image/Eunimart_groceries_265875-4_1-bisleri-mineral-water.jpg,https://datalabs.siva3.io/image/Eunimart_groceries_265875-5_1-bisleri-mineral-water.jpg,-,-,-,"Ozonated water, Minerals (Magnesium Sulphate, Potassium Bicarbonate)","Typical value per 100 ml of product.
Potassium (mg) - 0.1
Magnesium (mg) - 0.2",-,Store in a cool & dry place away from direct sunlight.,-,-,-,-,-,-,-,RET,RET-10,RET-10-13,RET-10-13-10,RET-10-13-10-11
6404704ba6a5bc77b92e3d5e,"Himalayan Natural Mineral Water, 200 ml Bottle",200 ml Bottle,ml,17,13.26,"Pure, unprocessed, and untouched, Himalayan Natural Mineral Water originates in the upper reaches of the Himalayan mountains just for you. Every drop of this pure and natural drinking water travels through layers of rock, sand, and silt for around 20 years and is then packed for you to drink. It is naturally enriched with minerals such as magnesium, sodium, calcium, etc. and has the perfect pH balance. Himalayanâs unique mineral composition gives it a characteristic taste and is packaged in a premium, instantly recognizable bottle. This makes it a great meal accompaniment and instantly elevates the dining experience. People who love the finer things in life do not just enjoy Himalayan with their meals at fine restaurants, but also make it their brand of choice at home. It is one of the most consumed natural mineral water in the finest homes across the country. Experience the taste of Raw, Rare, Remarkable with Himalayan.",-,"Varun Beverages Limitied, Plot No. 31, Institutional Area, Sector - 44, Gurgaon - 122002, Haryana, India.",India,-,-,-,-,-,https://datalabs.siva3.io/image/Eunimart_groceries_280459_4-himalayan-natural-mineral-water.jpg,200 ml Bottle,Himalayan,1,1,https://datalabs.siva3.io/image/Eunimart_groceries_280459-2_2-himalayan-natural-mineral-water.jpg,['280459'],-,-,-,-,-,-,-,-,-,-,-,-,-,-,-,-,"[{'EAN Code': '280459'}, {'Country Of Origin': 'India'}, {'Manufacturer Name & Address': 'Varun Beverages Limitied, Plot No. 31, Institutional Area, Sector - 44, Gurgaon - 122002, Haryana, India.'}]",-,https://datalabs.siva3.io/image/Eunimart_groceries_280459-3_2-himalayan-natural-mineral-water.jpg,https://datalabs.siva3.io/image/Eunimart_groceries_280459-4_2-himalayan-natural-mineral-water.jpg,https://datalabs.siva3.io/image/Eunimart_groceries_280459-5_2-himalayan-natural-mineral-water.jpg,https://datalabs.siva3.io/image/Eunimart_groceries_280459-6_2-himalayan-natural-mineral-water.jpg,-,-,-,"Typical value per 100 ml
Calcium (mg) - 6.2
Bicarbonate (mg) - 26.3
Magnesium (mg) -1.5
Sodium (mg) - 2
Potassium (mg) - 0.2
Nitrates (mg) - 0.8",-,-,https://datalabs.siva3.io/image/Eunimart_groceries_280459-7_2-himalayan-natural-mineral-water.jpg,https://datalabs.siva3.io/image/Eunimart_groceries_280459-8_2-himalayan-natural-mineral-water.jpg,"Mineral water is known to improve the health of your bones; it is especially beneficial for menopausal women who suffer from gradual bone degeneration.
Rich in magnesium, Himalayan mineral water can relax muscles and reduce cramps.
At the same time, this will help you to restore your electrolyte balance if you are suffering from any deficiency.","Natural & Pure: Himalayan Natural Mineral Water is filtered through layers of Himalayan rock, gathering the richness of minerals and salts along the way
Naturally rich in Minerals: It contains naturally occurring minerals such as magnesium, sodium, calcium, potassium and, more
It takes nature about 20 years to make this water
Perfect pH Balance: Slightly alkaline, pH same as that of the human body. Certified by Institut De Fresenius, German
Also, Try Himalayan Sparkling and Himalayan Still Water",https://datalabs.siva3.io/image/Eunimart_groceries_280459-9_2-himalayan-natural-mineral-water.jpg,https://datalabs.siva3.io/image/Eunimart_groceries_280459-10_1-himalayan-natural-mineral-water.jpg,-,RET,RET-10,RET-10-13,RET-10-13-10,RET-10-13-10-11
64047060a6a5bc77b92e3d60,"Bisleri Natural Mountain Water - Vedica, 1 L Bottle",1 L Bottle,L,60,60,"Vedica Natural Mountain Water comes to you in all its untouched purity, right from its source. Gushing from an aquifer with intense pressure, the natural mountain water is pushed above the ground surface to a height of 5 meters above ground level, powerfully and consistently. The underground geological origin guarantees that there is no external Contamination since the mouth of the water source is covered by rocks on all sides. Besides, being naturally fortified with silica, the spring is naturally free from any Microbial infection or pollution. Vedica Natural Mountain Water is also low on sodium, making it the perfect choice for the health-conscious. It has a high proportion of sulphates, which work as natural detoxifying agents. And its clear, sweet taste proves that it is free of calcium carbonate and magnesium carbonate salts, which give some mineral waters a chalky taste. Scientifically put, the Total Dissolved Solids in Vedica Natural Mountain Water is225mg/ltr. It is also high in sulphates, the natural detoxifying agents. Ensuring that all you get with Vedica Natural Mountain Water is the sweet taste of purity.",-,"Plot No-55 & 65, Pantnagar, Rudrapur - 263153, Sector 4",India,-,-,-,-,-,https://datalabs.siva3.io/image/Eunimart_groceries_40013621_7-bisleri-natural-mountain-water-vedica.jpg,1 L Bottle,Bisleri,1,1,https://datalabs.siva3.io/image/Eunimart_groceries_40013621-2_4-bisleri-natural-mountain-water-vedica.jpg,['8906017290910'],['10013022001539'],-,-,-,-,-,-,-,-,-,-,-,-,-,-,-,"[{'EAN Code': '8906017290910'}, {'Country Of Origin': 'India'}, {'Manufactured & Marketed by': 'Plot No-55 & 65, Pantnagar, Rudrapur - 263153, Sector 4'}]","Plot No-55 & 65, Pantnagar, Rudrapur - 263153, Sector 4",https://datalabs.siva3.io/image/Eunimart_groceries_40013621-3_3-bisleri-natural-mountain-water-vedica.jpg,https://datalabs.siva3.io/image/Eunimart_groceries_40013621-4_3-bisleri-natural-mountain-water-vedica.jpg,https://datalabs.siva3.io/image/Eunimart_groceries_40013621-5_1-bisleri-natural-mountain-water-vedica.jpg,https://datalabs.siva3.io/image/Eunimart_groceries_40013621-6_1-bisleri-natural-mountain-water-vedica.jpg,-,-,-,"Typical composition (mg/l)
pH - 7.3 -7.9
Chlorides - 13
Sulphate - 19
Sodium - 14
Calcium - 47
Magnesium - 13
Fluoride - 0.2
Bicarbonate - 201",-,Store in cool & dry place away from direct sunlight.,https://datalabs.siva3.io/image/Eunimart_groceries_40013621-7_1-bisleri-natural-mountain-water-vedica.jpg,-,-,-,-,-,-,RET,RET-10,RET-10-13,RET-10-13-10,RET-10-13-10-11
6404706ea6a5bc77b92e3d61,"Glaceau Smartwater, 750 ml",750 ml,ml,55,55,"Introducing SmartWater. Water that is vapour distilled, the way clouds do it and remineralized with electrolytes. Now that is a crisp, pure taste made smart. Smartwater is manufactured through vapour distillation, wherein water is first evaporated to remove impurities, condensed back to pure water and remineralised with electrolytes like calcium, magnesium and potassium to give it that clean, crisp and pure taste.",-,"Hindustan Coca-Cola Private Limited, Plot no 18, Bidadi Industrial Area, Bidadi Hobli, Ramanagram taluk, Bangalore Rural, Karnataka -562109",India,-,-,-,-,-,https://datalabs.siva3.io/image/Eunimart_groceries_40119858_3-glaceau-smartwater.jpg,750 ml,Glaceau,1,1,https://datalabs.siva3.io/image/Eunimart_groceries_40119858-2_3-glaceau-smartwater.jpg,['890164082412'],-,-,-,-,-,-,-,-,-,-,-,-,-,-,-,-,"[{'EAN Code': '890164082412'}, {'Country Of Origin': 'India'}, {'Manufactured by': 'Hindustan Coca-Cola Private Limited, Plot no 18, Bidadi Industrial Area, Bidadi Hobli, Ramanagram taluk, Bangalore Rural, Karnataka -562109'}, {'Marketed by': 'Coca-Cola India Pvt. Ltd'}]",Coca-Cola India Pvt. Ltd,https://datalabs.siva3.io/image/Eunimart_groceries_40119858-3_3-glaceau-smartwater.jpg,https://datalabs.siva3.io/image/Eunimart_groceries_40119858-4_3-glaceau-smartwater.jpg,https://datalabs.siva3.io/image/Eunimart_groceries_40119858-5_3-glaceau-smartwater.jpg,https://datalabs.siva3.io/image/Eunimart_groceries_40119858-6_1-glaceau-smartwater.jpg,-,-,"Distilled Water, Calcium Chloride, Potassium Bicarbonate And Magnisum Chloride","Typical value per 100 ml
Energy (kcal) - 0
Carbohydrates (g) - 0
Sugar (g) - 0
Protein (g) - 0
Fat (g) - 0
Calcium (mg) - 0.7
Magnesium (mg) -0.2
Potassium (mg) - 0.3",-,-,https://datalabs.siva3.io/image/Eunimart_groceries_40119858-7_1-glaceau-smartwater.jpg,-,Serve Chilled.,-,-,-,-,RET,RET-10,RET-10-13,RET-10-13-10,RET-10-13-10-11
6404707ca6a5bc77b92e3d62,"Alkalen Water-based Electrolyte Drink, 500 ml",500 ml,ml,35,35,A premium enhanced alkaline water with a pH value up to 9.5 which helps in faster hydration and supports a healthy and active lifestyle by effectively reducing the acid levels in the body. It is certainly undisputed that the acid-alkaline balance of our body is essential for a healthy living. Because of the millennial diet that we follow the acid-alkaline balance tends to the acid side with a lot of people. Consuming an acidic diet over a period of time will eventually cause chronic metabolic diseases and related health complaints because disease and illness thrive in an acidic internal environment. With Alkalen you can restore the acid-alkaline balance in a natural manner as it restores the self-healing capacity of the body. As a result of which many complaints can diminish and ultimately disappear.,-,G7 BEVERAGES,India,-,-,-,-,-,https://datalabs.siva3.io/image/Eunimart_groceries_40101706_5-alkalen-water-based-electrolyte-drink.jpg,500 ml,Alkalen,1,1,https://datalabs.siva3.io/image/Eunimart_groceries_40101706-2_3-alkalen-water-based-electrolyte-drink.jpg,['47393846488'],['10016022005078'],-,-,-,-,-,-,-,-,-,-,-,-,-,-,-,"[{'EAN Code': '47393846488'}, {'Country of origin': 'India'}, {'FSSAI Number': '10016022005078'}, {'Manufacturer Name': 'G7 BEVERAGES'}]",-,https://datalabs.siva3.io/image/Eunimart_groceries_40101706-3_2-alkalen-water-based-electrolyte-drink.jpg,https://datalabs.siva3.io/image/Eunimart_groceries_40101706-4_2-alkalen-water-based-electrolyte-drink.jpg,https://datalabs.siva3.io/image/Eunimart_groceries_40101706-5_1-alkalen-water-based-electrolyte-drink.jpg,-,-,-,Purified Alklaline Water,-,-,Store in a cool & dry place away from direct sunlight.,-,-,-,-,-,-,-,RET,RET-10,RET-10-13,RET-10-13-10,RET-10-13-10-11
6404708ea6a5bc77b92e3d64,"evocus Black Alkaline Drinking - Hydrating, Rich In Essential Minerals, 250 ml",250 ml,ml,60,60,Evocus is a Black Alkaline Drink infused with essential minerals with a high pH of 8+. This alkaline drink is amazing for the overall health of your body. It is filled with a lot of health benefits. It is enriched with 70+ minerals. Get a bottle today and consume water that is a lot healthier than normal water. It helps in reducing body acids and balances body pH. The water is black in colour. It is recommended by doctors as it supports many internal functions of the human body and makes you feel active and fresh throughout the day.,-,"407-409 The Emerald, Chakli Circle, Vadodara-390007.",India,-,-,-,-,-,https://datalabs.siva3.io/image/Eunimart_groceries_40267387_1-evocus-black-alkaline-drinking-hydrating-rich-in-essential-minerals.jpg,250 ml,evocus,1,1,https://datalabs.siva3.io/image/Eunimart_groceries_40267387-2_1-evocus-black-alkaline-drinking-hydrating-rich-in-essential-minerals.jpg,['8904406170508'],['10019021004256'],-,-,-,-,-,-,-,-,-,-,-,-,-,-,Purified Alkaline Water With Natural Minerals,"[{'EAN Code': '8904406170508'}, {'Manufactured & Marketed by': '407-409 The Emerald, Chakli Circle, Vadodara-390007.'}, {'Fssai details': '10019021004256'}, {'Country of Origin': 'India'}]","407-409 The Emerald, Chakli Circle, Vadodara-390007.",https://datalabs.siva3.io/image/Eunimart_groceries_40267387-3_1-evocus-black-alkaline-drinking-hydrating-rich-in-essential-minerals.jpg,https://datalabs.siva3.io/image/Eunimart_groceries_40267387-4_1-evocus-black-alkaline-drinking-hydrating-rich-in-essential-minerals.jpg,https://datalabs.siva3.io/image/Eunimart_groceries_40267387-5_1-evocus-black-alkaline-drinking-hydrating-rich-in-essential-minerals.jpg,-,-,-,-,"Energy 0 kcal
Sugar 0 g
Carbohydrate 0 g
Protein 0 g
Total fat 0 g
Magnesium 1.4 mg
Calcium 2.8 mg
Sodium 0.35 mg",-,-,-,-,-,-,-,-,"Drink it whenever you want. Replace normal water with this alkaline drink. You can start your day with it and keep a bottle with you throughout the day. 
Storage Information: Store in a cool and dry place away from direct sunlight.",RET,RET-10,RET-10-13,RET-10-13-10,RET-10-13-10-11
6404709ba6a5bc77b92e3d65,"Zenzi Sparkling Water - Watermelon Mint, Natural Flavour, 350 ml Bottle",350 ml Bottle,ml,60,51,"Created in India, Zenzi is the best way to enjoy the simplest of healthy habits - drinking water. With the refreshing calorie-free bubbles combined with the hydrating qualities of water, Zenzi is the perfect health-friendly alternative for soft drinks. It is India's first fruit & botanical - infused sparkling water made with natural flavours and no added sugar.",-,"Organico Agro Foods and Beverages Pvt Ltd, Sadguru Krupa Industrial Estate, Gala No. 4, At Vadpe, Survey No. 119/B, Plot No.6 ,B/H Shangrilla Resort On Thane-Nashik Road, Tal. Bhiwandi, Thane 421302 Maharashtra, India",India,-,-,-,-,-,https://datalabs.siva3.io/image/Eunimart_groceries_40244022_2-zenzi-sparkling-water-watermelon-mint-naturally-flavoured-no-sugar-calories.jpg,350 ml Bottle,Zenzi,1,1,https://datalabs.siva3.io/image/Eunimart_groceries_40244022-2_2-zenzi-sparkling-water-watermelon-mint-naturally-flavoured-no-sugar-calories.jpg,['8908018136006'],['11521998000155'],-,-,-,-,-,-,-,-,-,-,-,-,-,-,"Natural Watermelon & Natural Mint, Carbonated Water","[{'EAN Code': '8908018136006'}, {'Country Of Origin': 'India'}, {'FSSAI No': '11521998000155'}, {'Manufactured & Marketed By': 'Organico Agro Foods and Beverages Pvt Ltd, Sadguru Krupa Industrial Estate, Gala No. 4, At Vadpe, Survey No. 119/B, Plot No.6 ,B/H Shangrilla Resort On Thane-Nashik Road, Tal. Bhiwandi, Thane 421302 Maharashtra, India'}]","Organico Agro Foods and Beverages Pvt Ltd, Sadguru Krupa Industrial Estate, Gala No. 4, At Vadpe, Survey No. 119/B, Plot No.6 ,B/H Shangrilla Resort On Thane-Nashik Road, Tal. Bhiwandi, Thane 421302 Maharashtra, India",https://datalabs.siva3.io/image/Eunimart_groceries_40244022-3_2-zenzi-sparkling-water-watermelon-mint-naturally-flavoured-no-sugar-calories.jpg,https://datalabs.siva3.io/image/Eunimart_groceries_40244022-4_2-zenzi-sparkling-water-watermelon-mint-naturally-flavoured-no-sugar-calories.jpg,https://datalabs.siva3.io/image/Eunimart_groceries_40244022-5_2-zenzi-sparkling-water-watermelon-mint-naturally-flavoured-no-sugar-calories.jpg,https://datalabs.siva3.io/image/Eunimart_groceries_40244022-6_2-zenzi-sparkling-water-watermelon-mint-naturally-flavoured-no-sugar-calories.jpg,-,-,-,"0 Sugar
0 Calorie",-,-,-,-,"Best Served Chilled
Store in cool & dry place away from sunlight",-,-,-,-,RET,RET-10,RET-10-13,RET-10-13-10,RET-10-13-10-11
640470a8a6a5bc77b92e3d66,"Zenzi Sparkling Water - Mango Hibiscus, Natural Flavour, 350 ml Bottle",350 ml Bottle,ml,60,51,"Created in India, Zenzi is the best way to enjoy the simplest of healthy habits - drinking water. With the refreshing calorie-free bubbles combined with the hydrating qualities of water, Zenzi is the perfect health-friendly alternative for soft drinks. It is India's first fruit & botanical - infused sparkling water made with natural flavours and no added sugar. -",-,"Organico Agro Foods and Beverages Pvt Ltd, Sadguru Krupa Industrial Estate, Gala No. 4, At Vadpe, Survey No. 119/B, Plot No.6 ,B/H Shangrilla Resort On Thane-Nashik Road, Tal. Bhiwandi, Thane 421302 Maharashtra, India",India,-,-,-,-,-,https://datalabs.siva3.io/image/Eunimart_groceries_40244023_2-zenzi-sparkling-water-mango-hibiscus-naturally-flavoured-no-sugar-calories.jpg,350 ml Bottle,Zenzi,1,1,https://datalabs.siva3.io/image/Eunimart_groceries_40244023-2_2-zenzi-sparkling-water-mango-hibiscus-naturally-flavoured-no-sugar-calories.jpg,['8908018136037'],['11521998000155'],-,-,-,-,-,-,-,-,-,-,-,-,-,-,"Carbonated Water, Natural Mango & Natural Hibiscus","[{'EAN Code': '8908018136037'}, {'Country Of Origin': 'India'}, {'FSSAI No': '11521998000155'}, {'Manufactured & Marketed By': 'Organico Agro Foods and Beverages Pvt Ltd, Sadguru Krupa Industrial Estate, Gala No. 4, At Vadpe, Survey No. 119/B, Plot No.6 ,B/H Shangrilla Resort On Thane-Nashik Road, Tal. Bhiwandi, Thane 421302 Maharashtra, India'}]","Organico Agro Foods and Beverages Pvt Ltd, Sadguru Krupa Industrial Estate, Gala No. 4, At Vadpe, Survey No. 119/B, Plot No.6 ,B/H Shangrilla Resort On Thane-Nashik Road, Tal. Bhiwandi, Thane 421302 Maharashtra, India",https://datalabs.siva3.io/image/Eunimart_groceries_40244023-3_2-zenzi-sparkling-water-mango-hibiscus-naturally-flavoured-no-sugar-calories.jpg,https://datalabs.siva3.io/image/Eunimart_groceries_40244023-4_2-zenzi-sparkling-water-mango-hibiscus-naturally-flavoured-no-sugar-calories.jpg,https://datalabs.siva3.io/image/Eunimart_groceries_40244023-5_2-zenzi-sparkling-water-mango-hibiscus-naturally-flavoured-no-sugar-calories.jpg,https://datalabs.siva3.io/image/Eunimart_groceries_40244023-6_2-zenzi-sparkling-water-mango-hibiscus-naturally-flavoured-no-sugar-calories.jpg,-,-,-,Zero Sugar & Zero Calorie,-,-,-,-,"Best Served Chilled
Store in cool & dry place away from sunlight",-,-,-,-,RET,RET-10,RET-10-13,RET-10-13-10,RET-10-13-10-11
640470b9a6a5bc77b92e3d67,"Zenzi Just Soda - Zero Calories, Sodium, Sugar, 350 ml Bottle",350 ml Bottle,ml,40,36,"Unable to make up your mind about what to cool you down? Presenting Zenzi's Just Soda, sparkling mixer. Breathe in and open the cap. Exhale when you hear the pop sound of the calorie-free bubbles. Close your eyes and take a sip. Enjoy the refreshing taste of all-natural Zenzi Soda flowing through your soul. Store in a cool & dry place away from sunlight.",-,"Sadguru Krupa Industrial Estate, Gala No. 4, At Vadpe, Survey No. 119/B, Plot No.6 ,B/H Shangrilla Resort On Thane-Nashik Road, Tal. Bhiwandi, Thane 421302 Maharashtra, India.",India,-,-,-,-,-,https://datalabs.siva3.io/image/Eunimart_groceries_40266496_2-zenzi-just-soda-zero-calories-sodium-sugar.jpg,350 ml Bottle,Zenzi,1,1,https://datalabs.siva3.io/image/Eunimart_groceries_40266496-2_2-zenzi-just-soda-zero-calories-sodium-sugar.jpg,['8908018136044'],['10021043000204'],-,-,-,-,-,-,-,-,-,-,-,-,-,-,Carbonated Water,"[{'EAN Code': '8908018136044'}, {'Country Of Origin': 'India'}, {'FSSAI No': '10021043000204'}, {'Manufactured': 'Organico Agro Foods and Beverages Pvt Ltd'}, {'Manufacture address': 'Sadguru Krupa Industrial Estate, Gala No. 4, At Vadpe, Survey No. 119/B, Plot No.6 ,B/H Shangrilla Resort On Thane-Nashik Road, Tal. Bhiwandi, Thane 421302 Maharashtra, India.'}, {'Marketed by': 'Stogi Beverages Pvt Ltd ,A-1303 Surya Apartments, 53 Bhulabhai Desai Road, Mumbai 400026'}]","Stogi Beverages Pvt Ltd ,A-1303 Surya Apartments, 53 Bhulabhai Desai Road, Mumbai 400026",https://datalabs.siva3.io/image/Eunimart_groceries_40266496-3_2-zenzi-just-soda-zero-calories-sodium-sugar.jpg,https://datalabs.siva3.io/image/Eunimart_groceries_40266496-4_2-zenzi-just-soda-zero-calories-sodium-sugar.jpg,https://datalabs.siva3.io/image/Eunimart_groceries_40266496-5_2-zenzi-just-soda-zero-calories-sodium-sugar.jpg,https://datalabs.siva3.io/image/Eunimart_groceries_40266496-6_1-zenzi-just-soda-zero-calories-sodium-sugar.jpg,-,-,-,"Per 100ml:
Energy: 0 kcal
Fat: 0g
Carbohydrates: 0g
Total Sugar: 0g
Protein: 0g
Sodium: 0g",-,-,https://datalabs.siva3.io/image/Eunimart_groceries_40266496-7_1-zenzi-just-soda-zero-calories-sodium-sugar.jpg,https://datalabs.siva3.io/image/Eunimart_groceries_40266496-8_1-zenzi-just-soda-zero-calories-sodium-sugar.jpg,Best served when chilled.,-,https://datalabs.siva3.io/image/Eunimart_groceries_40266496-9_1-zenzi-just-soda-zero-calories-sodium-sugar.jpg,-,-,RET,RET-10,RET-10-13,RET-10-13-10,RET-10-13-10-11
640470cca6a5bc77b92e3d68,"Bindu Packaged Drinking Water, 1 L Bottle",1 L Bottle,L,20,20,The purity and freshness come together to make Bindu Packaged Drinking Water the freshest drinking water. Bindu water goes down real smooth. It is made in a plant where highest safety norms are followed. Expect to quench your thirst with every drop of water. The promise of trust and safety lies in Bindu drinking water. The promise of Bindu in every drop of water.,-,"Megha Fruit Processing Pvt. Ltd. Narimogeru Village, Puttur Taluk - 574202, Dakshina Kannada, Karnataka.",India,-,-,-,-,-,https://datalabs.siva3.io/image/Eunimart_groceries_40019291_1-bindu-packaged-drinking-water.jpg,1 L Bottle,Bindu,1,1,https://datalabs.siva3.io/image/Eunimart_groceries_40019291-2_1-bindu-packaged-drinking-water.jpg,['8908000589421'],['10012043000230'],-,-,-,-,-,-,-,-,-,-,-,-,-,-,-,"[{'EAN Code': '8908000589421'}, {'Country Of Origin': 'India'}]",-,https://datalabs.siva3.io/image/Eunimart_groceries_40019291-3_1-bindu-packaged-drinking-water.jpg,https://datalabs.siva3.io/image/Eunimart_groceries_40019291-4_1-bindu-packaged-drinking-water.jpg,-,-,-,-,"Treated water, potassium bicabonate, magnesium sulphate",-,-,Store in a cool & hygienic conditions away from direct sunlight.,-,-,-,-,-,-,-,RET,RET-10,RET-10-13,RET-10-13-10,RET-10-13-10-11
640470e0a6a5bc77b92e3d69,"Himalayan Natural Mineral Water - With Magnesium, Sodium & Calcium, 1 L Bottle",1 L Bottle,L,70,70,"Pure, unprocessed, and untouched, Himalayan Natural Mineral Water originates in the upper reaches of the Himalayan mountains just for you. Every drop of this pure and natural drinking water travels through layers of rock, sand, and silt for around 20 years and is then packed for you to drink. It is naturally enriched with minerals such as magnesium, sodium, calcium, etc. and has the perfect pH balance. Himalayanâs unique mineral composition gives it a characteristic taste and is packaged in a premium, instantly recognizable bottle. This makes it a great meal accompaniment and instantly elevates the dining experience. People who love the finer things in life do not just enjoy Himalayan with their meals at fine restaurants, but also make it their brand of choice at home. It is one of the most consumed natural mineral waters in the finest homes across the country. Experience the taste of Raw, Rare, Remarkable with Himalayan.",-,Tata Consumer Products Limited.,India,-,-,-,-,-,https://datalabs.siva3.io/image/Eunimart_groceries_253557_9-himalayan-natural-mineral-water.jpg,1 L Bottle,Himalayan,1,1,https://datalabs.siva3.io/image/Eunimart_groceries_253557-2_9-himalayan-natural-mineral-water.jpg,['666538000044'],-,-,-,-,-,-,-,-,-,-,-,-,-,-,-,"Typical Mineral Composition (mg/100ml)-
Calcium 6.2
Bicarbonate 25.6
Magnesium 1.6
Sodium 1.6
Nitrates <1
pH 7.0-8.0","[{'EAN Code': '666538000044'}, {'Country Of Origin': 'India'}, {'Manufacturer Name': 'Tata Consumer Products Limited.'}]",-,https://datalabs.siva3.io/image/Eunimart_groceries_253557-3_9-himalayan-natural-mineral-water.jpg,https://datalabs.siva3.io/image/Eunimart_groceries_253557-4_8-himalayan-natural-mineral-water.jpg,https://datalabs.siva3.io/image/Eunimart_groceries_253557-5_8-himalayan-natural-mineral-water.jpg,https://datalabs.siva3.io/image/Eunimart_groceries_253557-6_8-himalayan-natural-mineral-water.jpg,-,-,-,"Nutritional information per serve:
Energy- 0 kcal
Protein- 0 g
Carbohydrate- 0 g
Sugar- 0 g
Fat- 0 g",-,-,https://datalabs.siva3.io/image/Eunimart_groceries_253557-7_3-himalayan-natural-mineral-water.jpg,https://datalabs.siva3.io/image/Eunimart_groceries_253557-8_3-himalayan-natural-mineral-water.jpg,-,"Natural & Pure: Himalayan Natural Mineral Water is filtered through layers of Himalayan rock, gathering the richness of minerals and salts along the way
Naturally rich in Minerals: It contains naturally occurring minerals such as magnesium, sodium, calcium, potassium and more
It takes nature about 20 years to make this water â¢ Perfect pH Balance: Slightly alkaline, pH same as that of the human body
Certified by Institut De Fresenius, Germany
Also try: Try Himalayan Sparkling and Himalayan Still Water
Commonly searched topics: Himalayan natural mineral water, mineral water, water, bottled water, sparkling water, water bottle, drinking water, drinking water bottle",https://datalabs.siva3.io/image/Eunimart_groceries_253557-9_2-himalayan-natural-mineral-water.jpg,https://datalabs.siva3.io/image/Eunimart_groceries_253557-10_2-himalayan-natural-mineral-water.jpg,-,RET,RET-10,RET-10-13,RET-10-13-10,RET-10-13-10-11
640470f4a6a5bc77b92e3d6a,"Himalayan Natural Mineral Water, 750 ml",750 ml,ml,50,50,"Pure, unprocessed, and untouched, Himalayan Natural Mineral Water originates in the upper reaches of the Himalayan mountains just for you. Every drop of this pure and natural drinking water travels through layers of rock, sand, and silt for around 20 years and is then packed for you to drink. It is naturally enriched with minerals such as magnesium, sodium, calcium, etc. and has the perfect pH balance. Himalayanâs unique mineral composition gives it a characteristic taste and is packaged in a premium, instantly recognizable bottle. This makes it a great meal accompaniment and instantly elevates the dining experience. People who love the finer things in life do not just enjoy Himalayan with their meals at fine restaurants, but also make it their brand of choice at home. It is one of the most consumed natural mineral water in the finest homes across the country. Experience the taste of Raw, Rare, Remarkable with Himalayan.",-,"Varun Beverages Limitied, Plot No. 31, Institutional Area, Sector - 44, Gurgaon - 122002, Haryana, India.",India,-,-,-,-,-,https://datalabs.siva3.io/image/Eunimart_groceries_40123134_6-himalayan-natural-mineral-water.jpg,750 ml,Himalayan,1,1,https://datalabs.siva3.io/image/Eunimart_groceries_40123134-2_8-himalayan-natural-mineral-water.jpg,['666538000075'],-,-,-,-,-,-,-,-,-,-,-,-,-,-,-,-,"[{'EAN Code': '666538000075'}, {'Country Of Origin': 'India'}, {'Manufactured & Marketed by': 'Varun Beverages Limitied, Plot No. 31, Institutional Area, Sector - 44, Gurgaon - 122002, Haryana, India.'}, {'Marketed By': 'Tata Global Beverages Limited, Kirloskar Business Park, Block C, 3rd Floor, Hebbal, Bengaluru - 560024.'}]","Tata Global Beverages Limited, Kirloskar Business Park, Block C, 3rd Floor, Hebbal, Bengaluru - 560024.",https://datalabs.siva3.io/image/Eunimart_groceries_40123134-3_8-himalayan-natural-mineral-water.jpg,https://datalabs.siva3.io/image/Eunimart_groceries_40123134-4_8-himalayan-natural-mineral-water.jpg,https://datalabs.siva3.io/image/Eunimart_groceries_40123134-5_8-himalayan-natural-mineral-water.jpg,https://datalabs.siva3.io/image/Eunimart_groceries_40123134-6_8-himalayan-natural-mineral-water.jpg,-,-,Natural Mineral Water,"Typical value per serving i.e. 1 can
Energy (kcal) - 0
Protein (g) - Nil
Fat ( g) - Nil
Carbohydrates (g) - Nil
Sodium (mg) - 2",-,-,https://datalabs.siva3.io/image/Eunimart_groceries_40123134-7_2-himalayan-natural-mineral-water.jpg,https://datalabs.siva3.io/image/Eunimart_groceries_40123134-8_2-himalayan-natural-mineral-water.jpg,-,"Natural & Pure: Himalayan Natural Mineral Water is filtered through layers of Himalayan rock, gathering the richness of minerals and salts along the way
Naturally rich in Minerals: It contains naturally occurring minerals such as magnesium, sodium, calcium, potassium and, more
It takes nature about 20 years to make this water
Perfect pH Balance: Slightly alkaline, pH same as that of the human body. Certified by Institut De Fresenius, Germany
Also Try: Himalayan Sparkling and Himalayan Still Water",https://datalabs.siva3.io/image/Eunimart_groceries_40123134-9_2-himalayan-natural-mineral-water.jpg,https://datalabs.siva3.io/image/Eunimart_groceries_40123134-10_2-himalayan-natural-mineral-water.jpg,-,RET,RET-10,RET-10-13,RET-10-13-10,RET-10-13-10-11
64047104a6a5bc77b92e3d6b,"evocus Alkaline Water For Drinking With 70 Minerals, 500 ml",500 ml,ml,100,100,"Evocus is no ordinary water, it is a revolutionary, new-age, alkaline bottled water, which gets its unique black colour from natureâs 70+ minerals, sourced from the depth of the Earth. 100% natural, Evocus is delivered to you, untouched by human hand, bottled in a fully automated, sterile and a state-of-the-art plant. It helps in Superior Hydration, Better Detoxification, Enhanced Metabolism and Better Digestion.",-,"AV Organics LLP, 4th Floor, 407 The Emerald Building, Near Chakli Circle , Next to BSNL office Vadodara, Gujarat",India,-,-,-,-,-,https://datalabs.siva3.io/image/Eunimart_groceries_40183730_2-evocus-alkaline-water.jpg,500 ml,evocus,1,1,https://datalabs.siva3.io/image/Eunimart_groceries_40183730-2_5-evocus-alkaline-water.jpg,['8904406118883'],"['10019021004256,10019043002767']",-,-,-,-,-,-,-,-,-,-,-,-,-,-,Treated drinking water with added minerals.,"[{'EAN Code': '8904406118883'}, {'Country Of Origin': 'India'}, {'FSSAI Number': '10019021004256, 10019043002767'}, {'Manufacturer Name & Address': 'AV Organics LLP, 4th Floor, 407 The Emerald Building, Near Chakli Circle , Next to BSNL office Vadodara, Gujarat'}, {'Marketed by': 'Supermarket Grocery Supplies Private Limited, Fairway Business Park, EGL, Challaghatta, Domlur, Bengaluru, 560071'}]","Supermarket Grocery Supplies Private Limited, Fairway Business Park, EGL, Challaghatta, Domlur, Bengaluru, 560071",https://datalabs.siva3.io/image/Eunimart_groceries_40183730-3_6-evocus-alkaline-water.jpg,https://datalabs.siva3.io/image/Eunimart_groceries_40183730-4_5-evocus-alkaline-water.jpg,https://datalabs.siva3.io/image/Eunimart_groceries_40183730-5_5-evocus-alkaline-water.jpg,https://datalabs.siva3.io/image/Eunimart_groceries_40183730-6_5-evocus-alkaline-water.jpg,-,-,-,"Typical value per 100 ml of product.
Energy (kcal) - 0
Protein (g) - 0
Carbohydrates (g) - 0
Sugar (g) - 0
Sodium (mg) - 0.35
Magnesium (mg) - 0.12",-,-,-,-,Ready to drink.,-,-,-,-,RET,RET-10,RET-10-13,RET-10-13-10,RET-10-13-10-11